scenario,model,n_train,n_val,n_test,val_macro_f1,accuracy,macro_f1,bug_f1,seconds
random,Majority,24229,3462,6923,0.42309615064155975,0.7333525928065867,0.4230833333333333,0.8461666666666666,9.74
random,Count_NB,24229,3462,6923,0.637047390658588,0.6383070923010256,0.628352997068877,0.689175769612711,3.65
random,TFIDF_LinearSVM,24229,3462,6923,0.8387948972418873,0.8746208291203236,0.8308730237535719,0.9168900804289544,10.24
random,TFIDF_TorchLR,24229,3462,6923,0.758971821479197,0.837642640473783,0.7525963002943363,0.897650701147332,40.1
random,TFIDF_SklearnLR,24229,3462,6923,0.8394450738377754,0.8808320092445472,0.8352321220732947,0.9219119734973971,10.33
cross_project,Majority,27461,2583,4570,0.317208564631245,0.6730853391684901,0.40230185718022493,0.8046037143604499,10.38
cross_project,Count_NB,27461,2583,4570,0.6019279290936146,0.5437636761487965,0.5399331302561715,0.4979532867806405,3.63
cross_project,TFIDF_LinearSVM,27461,2583,4570,0.7751634340050786,0.8606126914660831,0.8349843738831251,0.9000156961230577,10.86
cross_project,TFIDF_TorchLR,27461,2583,4570,0.7403572593289005,0.8004376367614879,0.7268515496526662,0.8686257562662058,42.44
cross_project,TFIDF_SklearnLR,27461,2583,4570,0.7870416298925362,0.8689277899343545,0.8407264433040587,0.9077468042507315,10.65
