scenario,model,error,record_id,project,words,others_wrong,text_start
random,bert,false positive (non-bug called bug),salt:1258880,salt,47,classical,"can't query a sqlite db in windows minions i can't query a sqlite db in all my windows minions. this seems to happen 'cause there is no bundled sqlite3 lib in the library.zip (c:\salt\salt-2014.1.0-5-g32d3463.win-amd64\library.zip), maybe it has been forgotten. i don't know if this was on purpose."
random,bert,false positive (non-bug called bug),pandas:1340354,pandas,101,classical,"pivot_annual works only with float values the following does not work: import pandas as pd import numpy as np rng = pd.date_range('1/1/1994', periods=216, freq='m') data = np.random.randint(100, high=350, size=216) ts = pd.series(data, index=rng) from pandas.tseries.util import pivot_annual ts_pivot"
random,bert,false positive (non-bug called bug),pandas:1338871,pandas,402,classical,styler.set_table_styles does not apply to styler.to_excel - [x] i have checked that this issue has not already been reported. - [x] i have confirmed this bug exists on the latest version of pandas. - [x] (optional) i have confirmed this bug exists on the master branch of pandas. --- **note**: please
random,bert,false positive (non-bug called bug),scipy:1374648,scipy,118,,"enh/ bug: pydata sparse equality reference issue fixes #11163 what does this implement/fix? fix comparison between pydata sparse arrays and sparse matrices. additional information i was a little unsure of the best way to do this. i've made a kinda messy function messier, but i don't think this is wo"
random,bert,false positive (non-bug called bug),pandas:1338813,pandas,36,classical,"make explode work for sets - [x] closes #35614 - [x] tests added / passed - [x] passes `black pandas` - [x] passes `git diff upstream/master -u -- ""*.py"" | flake8 --diff` - [x] whatsnew entry"
random,bert,false positive (non-bug called bug),scipy:1374403,scipy,5,classical,x0 for differential_evolution closes #13300
random,bert,false positive (non-bug called bug),salt:1258394,salt,33,classical,'file.blockreplace' does not support 'contents_pillar' im using 2014.7. the docs for 'blockreplace' do not mention 'contents_pillar' and in my testing it doesn't work. would be really good to have this feature for 'blockreplace'.
random,bert,false positive (non-bug called bug),scipy:1375173,scipy,448,classical,"signal.tf2ss doesn't handle simo transfer functions the routine `signal.ss2tf` will return a list of numerator polynomials, one for each output in the state-space representation. however, `signal.tf2ss` is unable to invert this in 0.17.0rc2, although it seems to attempt to do so in the codebase. thi"
random,bert,false positive (non-bug called bug),salt:1259521,salt,154,classical,default options on windows minion not set proper (salt - 0.13.2) when installing the minion on a windows machine (from the windows binaries) most of the default paths set in config.py - default_minion_opts variable points to unix paths. example: 'pki_dir': '/etc/salt/pki/minion' 'cachedir': '/var/ca
random,bert,false positive (non-bug called bug),numpy:1346729,numpy,52,,"enh sync ndarray methods doc/args with numpy function doc/args modified the docstrings to all, any, sum, prod, mean, var, std, min, max to add keepdims argument. ~~removed out argument from argmax/argmin.~~ made numpy clip's args mirror ndarray.clip's args. that is, a_min and a_max are now keword ar"
random,bert,false positive (non-bug called bug),weblate:1448946,weblate,59,classical,"doublespace check right now adding a doublespace is not an active check, but it is one of the most common errors. url wrong: ""this is an example"" correct: ""this is an example"" triggering it on doublespaces within first to last char would avoid false checks for spaces used as indentation, or line-end"
random,bert,false positive (non-bug called bug),salt:1257027,salt,81,classical,"issue in acl using array i want to use salt acl using publisher acl salt ""node"" pkg.install pkgs='[""pkg1"", ""pkg2""]' /etc/salt/master publisher_acl: user1: - test.ping - pkg.clean_metadata - node: - pkg.install: args: - 'pkg2' - 'pkg1' user@node: /opt/salt-scripts/ci-cp$ salt ""node"" pkg.install pkgs="
random,bert,false positive (non-bug called bug),salt:1257491,salt,134,classical,reserved keywords need to be listed in docs. description of issue/question reserved keywords are not listed anywhere (that i can find!) which can lead to extremely unhelpful failure messages leading down a rabbit hole of debugging. steps to reproduce issue use a reserved keyword in a state and bask 
random,bert,false positive (non-bug called bug),salt:1259291,salt,112,,"remove m2crypto dependency in #1112 , m2crypto was removed in favor of pycrypto but in bdb9dce5b81933927f58ca9a8783fdfc0fe7cdd2 and parents, it has been switched back for some reasons (i suspect 1e3754878cb2ba95aaea64c6360a219642003a46 to be the main culprit?) as said in #1112 m2crypto has lot of is"
random,bert,false positive (non-bug called bug),numpy:1346503,numpy,141,classical,"fix building extensions with mingw for python 3.5 on windows, with python 3.5; if using the setting `compiler=mingw32` (in for instance `setup.cfg`) and then building with `python3 setup.py develop`, the build will end with the error message: valueerror: unknown ms compiler version 1900 because the "
random,bert,false positive (non-bug called bug),salt:1259163,salt,296,classical,"performance issue regarding git_pillar module on certain scale of minions $ sudo salt --versions-report salt: 0.17.2 python: 2.7.5 (default, jul 3 2013, 12:02:44) jinja2: 2.7 m2crypto: 0.21.1 msgpack-python: 0.3.0 msgpack-pure: not installed pycrypto: 2.6 pyyaml: 3.10 pyzmq: 13.1.0 zmq: 3.2.3 i'm us"
random,bert,false positive (non-bug called bug),salt:1257252,salt,198,classical,libvirt.keys generates ca certificate with 1 year expiration date description of issue/question my libvirt hypervisors started to fail to communicate with each other mysteriously. after some digging i find that the ssl certificate generated by the `libvirt.keys` state has expired. a default value of
random,bert,false positive (non-bug called bug),salt:1259351,salt,127,classical,"issue with salt.states.user on osx 10.8.4 (need user module for osx) trying to make an account using salt.states.user, but we get the following python error: ---------- state: - user name: fred function: present result: false comment: an exception occurred in this state: traceback (most recent call "
random,bert,false positive (non-bug called bug),salt:1256961,salt,120,,"archive.extract ""clean: true"" cannot delete top level files description of issue/question when apply archive.extract state, if `clean` is set to `true`, only files paths that belong to the zip file will be deleted. for example, a zip file contains the following test1.txt test2.txt testdir testdir/te"
random,bert,false positive (non-bug called bug),salt:1257467,salt,588,classical,virtualenv.manage needs access to internet description of issue/question setup i have salt on some nodes that have no access to internet except for http through a proxy. i upgraded the system from ubuntu 15.10 to 16.04 lts and it appears the new virtualenv shipped with this release wants to download
random,bert,false positive (non-bug called bug),weblate:1448697,weblate,131,classical,security.w004 documentation not available **describe the bug** security.w004 points user to url which does not explain `secure_hsts_seconds` **to reproduce** steps to reproduce the behavior: 1. go to '/manage/performance' 2. see: security.w004 | you have not set a value for the secure_hsts_seconds s
random,bert,false positive (non-bug called bug),weblate:1448910,weblate,35,classical,"notification e-mails missing name of commenter notifications of new comments feature the actual comment, but not whoever made it. it says the name up top, but the nickname is missing from the comment. ![bilde]( url"
random,bert,false positive (non-bug called bug),scipy:1375453,scipy,147,,"cdist performance issue with 'sqeuclidean' metric unexpectedly the computation of 'sqeuclidean' metric is slower than that of 'euclidean' metric, in scipy.spatial.cdist(). given that, in principle, 'sqeuclidean' is the same as 'euclidean' but without the expensive sqrt(), then the computation should"
random,bert,false positive (non-bug called bug),numpy:1346579,numpy,78,classical,"don't use temp files in npyio.savez when using savez, we used to write temporary files, at first in the global temporary directory, and after #7133 alongside the output file. but there is no reason to do that, since we can simply keep the file in a `io.bytesio` object. this approach is simpler, more"
random,bert,false positive (non-bug called bug),salt:1257471,salt,150,,"pkg.upgrade - package upgrade vs whole system upgrade description of issue/question from an operational point of view `salt \* pkg.upgrade` upgrade everything and `salt \* pkg.upgrade pkgs='[""foo"", ""bar""]'` are too similar. simple typo of hinting the enter key too soon results in a full upgrade. som"
random,bert,false negative (bug called non-bug),salt:1247788,salt,169,classical,accept nested namespaces in spacewalk.api what does this pr do? `salt-run $server spacewalk.api` allows users to run arbitrary spacewalk api functions through salt. these are passed in a namespace.method notation and may use nested namespaces. previously only methods in a top-level namespace were su
random,bert,false negative (bug called non-bug),salt:1248665,salt,159,,documentation update for custom returners used for master job cache description of issue/question the [documentation for master job cache support for returners]( url needs a couple updates: 1. the [salt.utils.jid.gen_jid]( url function now requires the salt config object (e.g. `__opt__`) as an argum
random,bert,false negative (bug called non-bug),salt:1256828,salt,225,classical,"env ambiguous in cmd state two different uses for the same ""env"" variable in two cmd state functions are confusing. the first is ""env"" as injecting environmental variables for ""run"": url the second is ""env"" as the salt environment to get the file for ""script"": url furthermore, both uses of ""env"" are"
random,bert,false negative (bug called non-bug),weblate:1448118,weblate,44,,"""download translation as"" does not include plurals steps to reproduce 1. navigate to url 2. click files and any ""download translation as"" option actual behaviour downloaded file does not include plural form of any translated string, expected behaviour all plural forms should be included."
random,bert,false negative (bug called non-bug),scipy:1372508,scipy,120,classical,"optimize.brute finish option is not compatible with optimize.minimize `optimize.brute`has the `finish` option to allow you to use a local optimizer to ""polish"" the final result. the doc suggest `fmin`. however if you want to use the (more general) `minimize` function it doesn't work. firstly, the kw"
random,bert,false negative (bug called non-bug),pandas:1337735,pandas,228,classical,"date_range() alert user when using periods and end args? hi all, i am using date_range() and noticed that if the arguments start, end and period are all passed, the _period_ argument essentially overrides _end_. for example, consider the following index created using start and end: start = datetime("
random,bert,false negative (bug called non-bug),salt:1251625,salt,40,,"installing salt for development missing requirement in order to setup salt for development, in debian family systems you need to install first python-dev otherwise installing python modules inside virtualenv will fail. url didn't find that docs to make a pr."
random,bert,false negative (bug called non-bug),numpy:1342787,numpy,39,,add polyutils subpackage to reference documentation in #9682 i realized that `polynomial.polyutils` isn't present in the reference documentation. but it seems like a public subpackage. feel free to close the pr in case it wasn't meant to be public.
random,bert,false negative (bug called non-bug),salt:1251409,salt,116,,"salt-api/cherrypy - better error message for http requests to https server running the following command to test salt api connectivity, `curl -i url the following error is thrown by the salt-api (running in debug): `[error ] [28/jan/2016:12:43:52] engine error in httpserver.tick traceback (most rece"
random,bert,false negative (bug called non-bug),salt:1255293,salt,39,classical,"salt-cloud custom functions/actions hey, would it be a good idea to have similar thing for salt cloud as you do for `_states` directory ? `_clouds` directory for custom cloud functions and actions that would overwrite the default ones ?"
random,bert,false negative (bug called non-bug),pandas:1332432,pandas,208,,"allow missing values in index when calling index.sort_values - [x] closes #35584, xref #35922 - [x] tests added 1 / passed 1 - [x] passes `black pandas` - [x] passes `git diff upstream/master -u -- ""*.py"" | flake8 --diff` - [x] whatsnew entry problem `index.sort_values` breaks when `index` includes "
random,bert,false negative (bug called non-bug),pandas:1338172,pandas,27,classical,get json extension to work with python 3 @komnomnomnom this is a good one. ultrajson does not work on python 3. this is going to be fun
random,bert,false negative (bug called non-bug),salt:1256621,salt,65,classical,"pecl.installed state sits forever pecl_http: pecl.installed this particular pecl package asks a bunch of yes/no questions about what it should use (curl, ssl, etc) because it asks questions its never able to just finish installing the extension. pecl help install doesn't really help give any options"
random,bert,false negative (bug called non-bug),weblate:1447791,weblate,98,classical,"show authoritative terms of service **is your feature request related to a problem? please describe.** the terms of service new users need to accept when signing in to weblate.org are partially localised, partially in english. the page says ""the terms of service document is authoritative in english,"
random,bert,false negative (bug called non-bug),salt:1256670,salt,250,,"allow passive service disabled behavior when service doesn't exist. i have a number of service declarations in my states for newly built machines which establishes a baseline of running services. in some cases, these states declare ""dead"" and ""disabled"" on services which may not be installed on the "
random,bert,false negative (bug called non-bug),numpy:1344097,numpy,35,,"add license file to windows installers (trac #1800) _original ticket url on 2011-04-17 by @rgommers, assigned to @rgommers._ this should be added in tools/win32build/nsis_scripts/numpy-superinstaller.nsi.in documentation on how to do this can be found at url"
random,bert,false negative (bug called non-bug),pandas:1333566,pandas,18,classical,don't warn if default conflicts with dialect xref #23761 also introduces a context manager for setting csv dialect.
random,bert,false negative (bug called non-bug),pandas:1334013,pandas,44,,"implement maybe_cache for compat between immutable/mutable classes also fixes lookups/docstrings for class-level access to cache_readonly attributes. - [x] closes #19700 - [x] tests added / passed - [x] passes `git diff upstream/master -u -- ""*.py"" | flake8 --diff` - [x] whatsnew entry related: url"
random,bert,false negative (bug called non-bug),pandas:1331432,pandas,34,,"allow named aggregation with resampler.agg - [x] closes #32803 - [x] tests added / passed - [x] ensure all linting tests pass, see [here]( url for how to run them - [x] whatsnew entry"
random,bert,false negative (bug called non-bug),salt:1247292,salt,35,classical,better deal with multiple xen vms having the same name - filter templates from returned vm lists for xenserver. - add initial/generic unittests for the salt.cloud.clouds.xen module. - add testcases for xen._get_vm() calls. fixes: #59932
random,bert,false negative (bug called non-bug),salt:1251330,salt,17,,file.symlink documentation improvement the documentation of url doesn't say whether it creates a soft or hard link.
random,bert,false negative (bug called non-bug),salt:1250109,salt,343,,python render to dynamically read the paillar description of issue/question i want to use `python render` to dynamically read the` paillar `pattern and make each` minion` matches its `pillar` information according to its own` id` or hostname. spacing the `pillar_roots` for the `/srv/pillar` on the m
random,bert,false negative (bug called non-bug),salt:1252983,salt,18,classical,influxdb_user and influxdb_database states need virtual functions they should probably not load if the influx module isn't loaded.
random,bert,false negative (bug called non-bug),weblate:1447392,weblate,162,classical,"best practise project/component size hello, i would like to know what's the best size for projects and components on weblate. currently, i have one project with 4 components that each hold 20.000 strings and 27 languages. everytime i click on a component, it takes about half an hour for it to parse "
random,bert,false negative (bug called non-bug),weblate:1448238,weblate,36,classical,"leading new line in translations if source string has a leading ↵ and you (or weblate) add it to a translated string, then translated string is displayed with two new lines instead of one in textarea."
cross_project,bert,false positive (non-bug called bug),scipy:1375502,scipy,97,classical,"the sparse .sum() method with uint8 dtype does not act like the corresponding numpy method. with numpy calling the `.sum()` method along an axis upcasts the dtype from uint8 to uint64, probably to prevent rolling over back to 0: in [9]: np.matrix([[1, 255], [0, 0]], dtype=np.uint8).sum(1) out[9]: ma"
cross_project,bert,false positive (non-bug called bug),scipy:1374959,scipy,123,classical,"polygon surface area calculation just continuing from the previous [wip pr]( url from a clean branch (various git/ github issues with the other...). still very much a debug stage / work in progress pr. at the moment, `test_subtriangles_simple()` is still failing, but the point that splits the test s"
cross_project,bert,false positive (non-bug called bug),scipy:1374634,scipy,246,,"inefficient outer indexing on sparse matrices when using indices of shape `(n, 1)` a typical way to perform outer indexing can be unnecessarily and surprisingly super slow. it is illustrated in the in/out below. i think the issue could be fixed by adding another fast path for input as in my `in [8]`"
cross_project,bert,false positive (non-bug called bug),scipy:1375592,scipy,74,classical,"sparse matrices are limited to 2^32 non-zero elements (trac #1307) _original ticket url on 2010-10-13 by trac user peb, assigned to @wnbell._ compressed.py in scipy.sparse creates arrays with a dtype = intc. this limits the size of a sparse matrix to 2^31 non-zero elements, preventing the solution o"
cross_project,bert,false positive (non-bug called bug),scipy:1374626,scipy,43,classical,"linprog presolve matvec multiplications with lil matrix as noted by @hakeemo in gh-11226: ""presolve does have a handful of multiplications of matvec multiplications using the lil matrix format. e.g. b_eq = b_eq - a_eq[:, i_f].dot(lb[i_f]) ."" these are very slow for large problems."
cross_project,bert,false positive (non-bug called bug),scipy:1375579,scipy,60,classical,"replace dot(linalg.inv(c),an) by solve(c,an) in scipy.misc.pade (trac #1387) _original ticket url on 2011-02-16 by trac user robinro, assigned to unknown._ in the computation of the pade coefficients, in scipy/misc/common.py line 336 is pq = dot(linalg.inv(c),an) which should be solve(c,an) for nume"
cross_project,bert,false positive (non-bug called bug),scipy:1375429,scipy,66,,"sparse: release gil in sparsetools routines the sparsetools routines are threadsafe, and do not use python. this pr releases gil when calling them. the gil release is thresholded to not occur for small arrays. the exact threshold value is probably not exact science. numpy ufunc loops threshold at 50"
cross_project,bert,false positive (non-bug called bug),scipy:1375613,scipy,57,,"missing _isf methods (trac #1182) _original ticket url on 2010-05-29 by @josef-pkt, assigned to unknown._ some _isf functions are not implemented and calculated by 1-cdf we added several of them to improve numerical precision, but there are still some missing. a random check found gumbel_l_gen where"
cross_project,bert,false positive (non-bug called bug),scipy:1375565,scipy,111,classical,"kendalltau overflow (trac #1445) _original ticket url on 2011-05-25 by trac user aroth, assigned to @rgommers._ when using scipy.stats.kendalltau computing tau causes an overflow problem with large lists. this could be fixed by doing the computation in logspace and then exponentiating. the offending"
cross_project,bert,false positive (non-bug called bug),scipy:1374507,scipy,208,,"interpolating categorical data (interp1d) i'm trying to interpolate non-numerical data, and tried using the [interp1d]( url from scipy.interpolate import interp1d x = [1.4, 2.8, 3.1, 4.4, 5.2] y = ['a', 'b', 'a', 'a', 'b'] f = interp1d(x, y, kind='nearest', fill_value=none) x_new = [1, 2, 3, 4, 5] y"
cross_project,bert,false positive (non-bug called bug),scipy:1375743,scipy,41,classical,"updating libsvm to 2.84 (trac #440) _original ticket url on 2007-06-06 by @cournape, assigned to @cournape._ version 2.84 of libsvm is out. i am not sure what needs to be done yet to update the svm code in the sandbox, though."
cross_project,bert,false positive (non-bug called bug),scipy:1375035,scipy,10,,add evaluation of periodic splines #6730 fixes: #6730 (issue 1)
cross_project,bert,false positive (non-bug called bug),scipy:1375228,scipy,111,,"passing a function with keyword only arguments and no initial guess to curve_fit from scipy.optimize import curve_fit def func(x, a, *, b=1): return a * x + b print(curve_fit(func, [0, 1, 2], [2, 3, 4])) this fails because `curve_fit` tries to determine the number of arguments using `inspect.getargs"
cross_project,bert,false positive (non-bug called bug),scipy:1375538,scipy,76,classical,"leastsq_bounds (trac #1631) _original ticket url on 2012-03-26 by trac user denis, assigned to unknown._ followup on ""least-squares fittings with bounds: why is scipy not up to the task?"" on scipy-user mar 15: here's a leastsq_bounds in ~ 10 lines of code (total 78 + test 86). does it make sense, it"
cross_project,bert,false positive (non-bug called bug),scipy:1374413,scipy,87,classical,allow inference of output_shape from out array in affine_transform reference issue closes #5258 what does this implement/fix? currently when `output_shape` is not provided `output_shape` is set to `input.shape`. this implies that the user must provide both `out` and `output_shape` together whenever 
cross_project,bert,false positive (non-bug called bug),scipy:1375533,scipy,58,classical,"stats.distributions discrete expect is missing options (trac #1672) _original ticket url on 2012-06-08 by @josef-pkt, assigned to unknown._ as mentioned in the notes section, there are two parameters used to control the integration. at least maxcount should be made into a keyword argument, since a f"
cross_project,bert,false positive (non-bug called bug),scipy:1375096,scipy,24,classical,"sparse: canonicalize on initialization duplicates entries are still allowed in coo/csr/csc/bsr constructors, but are not handled anywhere else. see gh-5807 for the initial discussion."
cross_project,bert,false positive (non-bug called bug),scipy:1375546,scipy,107,classical,"stats enh: shape parameters in distribution docstrings (trac #1581) _original ticket url on 2012-01-06 by @josef-pkt, assigned to unknown._ the distribution docstrings use generic values for the shape parameters that often don't make much sense. in the test suite there is a list of parameters that c"
cross_project,bert,false positive (non-bug called bug),scipy:1375034,scipy,82,classical,"dependency change in spatial _plotutils.py the ax.hold() and ax.ishold() methods are [no longer supported.]( url this doesn't break the functions within, but it raises warnings: > /usr/local/lib/python3.5/dist-packages/scipy/spatial/_plotutils.py:17: matplotlibdeprecationwarning: the ishold function"
cross_project,bert,false positive (non-bug called bug),scipy:1375214,scipy,118,,"closes #5027 distance function always casts bool to double closes #5027: always casting to double probably incurred a performance hit for the boolean-based distance metrics such as the ""matching distance"". i'm a new scipy contributor, so let me know if i can do anything better. two questions: 1) was"
cross_project,bert,false positive (non-bug called bug),scipy:1375719,scipy,103,,"minor changes to numexpr test module (trac #614) _original ticket url on 2008-03-04 by trac user ivilata, assigned to @dmcooke._ hi, i'm attaching two small patches to the test module of numexpr: - attachment:numpy_funcs.diff imports some functions from the `numpy` package instead of getting them by"
cross_project,bert,false positive (non-bug called bug),scipy:1375728,scipy,91,,"fmin_slsqp updated to accept constraints via functions (trac #570) _original ticket url on 2007-12-21 by trac user robfalck, assigned to unknown._ fmin_slsqp was not properly accepting constraints via the callable arguments f_eqcons and f_ieqcons. the attached version of slsqp.py addresses this erro"
cross_project,bert,false positive (non-bug called bug),scipy:1375628,scipy,96,classical,"interpolate does not work if array goes from high to low values (trac #1061) _original ticket url on 2009-12-01 by trac user louic, assigned to unknown._ the summary and following example explain everything: #!/usr/bin/python import numpy as np from scipy import interpolate this works: #xdata = [ 1,"
cross_project,bert,false positive (non-bug called bug),scipy:1374438,scipy,180,,"binned_statistic_dd does not respect masked arrays i guess it is debatable as to whether this is a feature request (i.e. it *should* support masked array) or a bug (it doesn't). reproducing code example: simple example: rnd = np.random.randomstate(seed=54) x = rnd.uniform(high=2*np.pi,size=1000) r2 "
cross_project,bert,false positive (non-bug called bug),scipy:1375226,scipy,182,classical,follow up to 4489 (addition lapack routines in linalg.lstsq) this is a rebase of @rgommers fixup of pr #4489. it builds cleanly and probably passes all of the tests if you have a new enough version of lapack (in this case 3.2.2 or better). in older lapack versions querying `dgelsd` for the work arra
cross_project,bert,false negative (bug called non-bug),scipy:1371899,scipy,137,classical,sparse: use larger dtype in coo_matrix.reshape when needed avoid overflows in coo_matrix.reshape by upcasting to larger integer dtype as necessary in reshape(). revert some changes in b8769098 that are not necessary with this change. it's better to do the dtype upcasts in reshape() rather than rely 
cross_project,bert,false negative (bug called non-bug),scipy:1371972,scipy,171,,"optimize: `show_options(solver='minimize', method='newton-cg')` raises exception the docstring for `scipy.optimize.minimize` accepts `method='newton-cg'`. the function `scipy.optimize.show_options()` is supposed to provide more information about the solvers and their methods, and one of the methods "
cross_project,bert,false negative (bug called non-bug),scipy:1372725,scipy,50,classical,restore np.abs ufunc support for scipy.sparse `np.abs(csr_matrix(-np.ones(3)))` use to work in numpy < 1.9. with numpy and scipy master it triggers: typeerror: __numpy_ufunc__ not implemented for this type. this pr should restore the support for the `np.abs` function on scipy sparse matrices by mapp
cross_project,bert,false negative (bug called non-bug),scipy:1372810,scipy,202,classical,"standard testing of mstats vs. stats results this pull request has two purposes: 1) providing a framework for improved unittesting of mstats functions by comparing against stats functions 2) provide a variety of bugfixes for bugs i found in mstats, when comparing stats functions against mstats. top "
cross_project,bert,false negative (bug called non-bug),scipy:1373382,scipy,254,classical,"porting mstats.plottingposition and similar to stats (trac #1329) _original ticket url on 2010-11-20 by @josef-pkt, assigned to unknown._ i just found this again, trying to unify stats.stats and stats.mstats. i'm not sure what to do with it right now. see url i stumbled over plotting positions in ms"
cross_project,bert,false negative (bug called non-bug),scipy:1373996,scipy,37,,"sparse package (trac #522) _original ticket url on 2007-10-25 by trac user syd, assigned to @wnbell._ please.. how can i modified sparse.py for using integer-type sparse matrices? it will be particularly efficient for my application. thank you!"
cross_project,bert,false negative (bug called non-bug),scipy:1372207,scipy,258,,"solving sparse linear systems in csr format with complex values hello, i'm working on using some of scipy's sparse solvers for both real and complex problems, and i seem to have found an issue when solving linear systems ax=b where a is a real -valued matrix in csc format, and b is a complex numpy a"
cross_project,bert,false negative (bug called non-bug),scipy:1371308,scipy,49,,"sparse: create a utility function `getdata` don't use `getdtype` for coo matrices constructed from an input of the form (data (i, j)). just convert data to an array with `np.array`, and let `np.array` infer the data type in the usual way if the given dtype is none. closes gh-13585."
cross_project,bert,false negative (bug called non-bug),scipy:1372287,scipy,8,,add _support_mask to distributions fixes issues gh-6167 gh-6235
cross_project,bert,false negative (bug called non-bug),scipy:1372694,scipy,99,classical,"operator overloading with sparse matrices i'm working on a domain specific language for convex optimization in python (cvxpy). cvxpy uses operator overloading so that ""matrix + cvxpy variable"" or ""matrix*cvxpy variable"" return cvxpy objects. but this is not possible with scipy sparse matrices becaus"
cross_project,bert,false negative (bug called non-bug),scipy:1371468,scipy,54,,"optimize: cast bounds to floats in new_bounds_to_old/old_bounds_to_new reference issue closes gh-12422 what does this implement/fix? ensures the returned bounds arrays/lists contain numbers, instead of being potentially arbitrary object arrays causing failures at a later stage. the optimization algo"
cross_project,bert,false negative (bug called non-bug),scipy:1371772,scipy,38,,"pass jac=none directly to lsoda this fixes #9901. if the jacobian is not provided, lsoda must receive `jac=none` in the constructor, not `jac=(lambda:none)`. otherwise, it will not compute the jacobian via finite differences and use the stiff solver."
cross_project,bert,false negative (bug called non-bug),scipy:1372713,scipy,21,,"re-add `rv_frozen` to stats.distributions namespace. closes gh-3522 note that it was never in the stats namespace, so keep it like that."
cross_project,bert,false negative (bug called non-bug),scipy:1373839,scipy,33,classical,"implement dct (trac #733) _original ticket url on 2008-09-03 by @cournape, assigned to @cournape._ would be nice to have dct. at least a python version using fft, and maybe wrappers around fftpack, etc..."
cross_project,bert,false negative (bug called non-bug),scipy:1372798,scipy,44,,make weave tests behave most importantly: - make them not leave behind any files in the dir that the tests are run from - do not print anything by default furthermore a lot of random cleanups and deletions of unused or commented out code.
cross_project,bert,false negative (bug called non-bug),scipy:1371338,scipy,24,classical,stats: improve cdf and sf calculation for the hypergeom distribution implement `_cdf` and `_sf` for `hypergeom` using the `_logcdf` and `_logsf` methods. closes gh-6840.
cross_project,bert,false negative (bug called non-bug),scipy:1371581,scipy,100,,"optimize.fmin_l_bfgs_b needs bound check and appropiate error message fmin_l_bfgs_b (from scipy.optimize) requires bounds as a list of bounds for each parameter/varriable given as a list [lower, upper]. if any of the bounds are given as [upper, lower] then the fmin_l_bfgs_b runs but the output dict "
cross_project,bert,false negative (bug called non-bug),scipy:1371595,scipy,179,classical,"scipy.stats.zipf doesn't implement zipf distribution scipy implements the zeta distribution for scipy.stats.zipf instead of the zipf distribution. there is no such thing as scipy.stats.zeta, so this affects users who wish to utilize either distribution. the current scipy.stats.zipf should be renamed"
cross_project,bert,false negative (bug called non-bug),scipy:1371466,scipy,22,classical,"stats: improve calculation of exponnorm.pdf use _norm_logcdf to compute exponnorm._logpdf more accurately, and use the _logpdf method to implement _pdf. closes gh-12326."
cross_project,bert,false negative (bug called non-bug),scipy:1371839,scipy,278,,"typecheck iterations for binary image operations hi, this is a tiny pr which added type-restricting the `iterations` parameter in `scipy.ndimage.morphology._binary_erosion` method to be an `int`, effectively adding this to `binary_erosion`, `binary_dilation`, and `binary_closing`. i kept getting a s"
cross_project,bert,false negative (bug called non-bug),scipy:1372301,scipy,118,,"make logsumexp error out on a masked array tl;dr: this is an alternative to gh-3036. that pr was proposing to pass all array subclasses to logsumexp. here i instead propose to error out and give a workaround in the docstring. on master, `logsumexp` simply ignores the mask and does the calculation wi"
cross_project,bert,false negative (bug called non-bug),scipy:1372084,scipy,115,,"about scipy.optimize linprog i don't know why when using scipy.optimize linprog, the optimal solution of linear programming problem has negative solution even though i didn't use any boundary condition of variable. for example, res = linprog(c, a_eq = a_equation, b_eq = b_equation, method = 'simplex"
cross_project,bert,false negative (bug called non-bug),scipy:1372375,scipy,123,,"io.netcdf masking should use masked_equal rather than masked_value handling of masked values (_fillvalue / missing_value) was added to io.netcdf in pr #5228 . however, i'm wondering if np.ma.masked_values is really the right function to use in __getitem__. i think masked_equal would be more appropri"
cross_project,bert,false negative (bug called non-bug),scipy:1373629,scipy,74,,"univariatespline objects should work on an empty array? (trac #1014) _original ticket url on 2009-10-07 by @lebigot, assigned to unknown._ with spline = scipy.interpolate.univariatespline(...), spline(numpy.array([])) does not work. however, scipy.sin(numpy.array([])) does work. shouldn't they both "
cross_project,bert,false negative (bug called non-bug),scipy:1373763,scipy,65,classical,"firwin docstring suggestion (trac #830) _original ticket url on 2008-12-31 by @lebedov, assigned to unknown._ some of the windows that may be used by the `firwin` function require the specification of certain parameters. it would be helpful if the docstring for the latter would mention the `get_wind"
