scenario,group,model,features,selected,val_macro_f1,accuracy,macro_f1,bug_f1,nonbug_f1,seconds
random,A. Naive Bayes,NB_counts_tuned,counts5k,"{""alpha"": 0.01}",0.6402974073154526,0.641051567239636,0.630609090887424,0.6927167058241622,0.5685014759506859,4.38
random,A. Naive Bayes,NB_tfidf,word50k,"{""alpha"": 1.0}",0.8123364484330459,0.850787230969233,0.8050237341308408,0.8994842852972658,0.7105631829644158,13.3
random,A. Naive Bayes,ComplementNB_tfidf,word50k,"{""alpha"": 1.0}",0.7904293176478483,0.8036978188646541,0.7712323985657341,0.8574126534466477,0.6850521436848204,0.19
random,B. Features (LR),LR_word5k,word5k,"{""C"": 8, ""threshold"": 0.5}",0.8408748993498265,0.8780875343059368,0.8354841143809619,0.9192035228795711,0.7517647058823529,14.61
random,B. Features (LR),LR_word50k_sublinear,word50k,"{""C"": 8, ""threshold"": 0.5}",0.8608888417336183,0.8860320670229669,0.8464786961723405,0.9244035642425984,0.7685538281020827,4.19
random,B. Features (LR),LR_char2-5,char,"{""C"": 4, ""threshold"": 0.5}",0.8542871263111018,0.8861765130723674,0.8464607634997865,0.924549980850249,0.7683715461493239,88.49
random,B. Features (LR),LR_word+char,word+char,"{""C"": 4, ""threshold"": 0.5}",0.8618840813427591,0.8871876354181714,0.8480353126877034,0.9251700680272109,0.770900557348196,106.89
random,B. Features (LR),LR_word+char+meta,word+char+meta,"{""C"": 4, ""threshold"": 0.5}",0.8609909891722016,0.889209880109779,0.8512285061677116,0.9263986181748393,0.776058394160584,226.31
random,C. Imbalance,LR_word+char+meta_balanced,word+char+meta,"{""C"": 4, ""threshold"": 0.5}",0.8636739515652687,0.8812653473927488,0.8491836254408645,0.9187425860023725,0.7796246648793566,137.94
random,C. Imbalance,LR_word+char+meta_threshold,word+char+meta,"{""C"": 2, ""threshold"": 0.6}",0.868201900784989,0.889209880109779,0.8556519744025428,0.9252509501997856,0.7860529986052999,128.12
random,C. Imbalance,SVM_word+char+meta,word+char+meta,"{""C"": 0.25}",0.8611103222674342,0.8909432327025856,0.8530362408719216,0.9276750646613661,0.7783974170824772,189.84
random,C. Imbalance,SVM_word+char+meta_balanced,word+char+meta,"{""C"": 0.25}",0.8609701775104679,0.8805431171457461,0.8484456009639432,0.9181917103571076,0.7786994915707787,256.27
random,D. Ensemble,Ensemble_LR+SVM+CNB,word+char+meta,"{""members"": [""LR_word+char+meta_balanced"", ""SVM_word+char+meta_balanced"", ""ComplementNB_tfidf""], ""threshold"": 0.28}",0.8557857600648511,0.8730319225769175,0.8383692178803045,0.9132194688518116,0.7635189669087974,0.32
cross_project,A. Naive Bayes,NB_counts_tuned,counts5k,"{""alpha"": 0.01}",0.6048257893911384,0.5509846827133479,0.5477919072379411,0.5097945532728141,0.5857892612030682,4.0
cross_project,A. Naive Bayes,NB_tfidf,word50k,"{""alpha"": 1.0}",0.7981566654392769,0.8586433260393873,0.8327552716685882,0.8985552763819096,0.766955266955267,13.37
cross_project,A. Naive Bayes,ComplementNB_tfidf,word50k,"{""alpha"": 1.0}",0.7135373135863681,0.7943107221006565,0.7851430075897665,0.8295248458469351,0.740761169332598,0.23
cross_project,B. Features (LR),LR_word5k,word5k,"{""C"": 1, ""threshold"": 0.5}",0.7878174345195215,0.8682713347921225,0.8397492129995627,0.907356109572176,0.7721423164269493,16.77
cross_project,B. Features (LR),LR_word50k_sublinear,word50k,"{""C"": 4, ""threshold"": 0.5}",0.7944047034059685,0.8820568927789935,0.8588511302688151,0.9160828273392496,0.8016194331983806,5.63
cross_project,B. Features (LR),LR_char2-5,char,"{""C"": 1, ""threshold"": 0.5}",0.7971408599494395,0.8792122538293217,0.855660957737814,0.9139650872817955,0.7973568281938326,97.82
cross_project,B. Features (LR),LR_word+char,word+char,"{""C"": 0.5, ""threshold"": 0.5}",0.7957863378384878,0.8809628008752736,0.8561504079040434,0.9158936301793444,0.7964071856287425,121.27
cross_project,B. Features (LR),LR_word+char+meta,word+char+meta,"{""C"": 1, ""threshold"": 0.5}",0.7954555597312032,0.886652078774617,0.8647225889035561,0.919188767550702,0.8102564102564103,251.77
cross_project,C. Imbalance,LR_word+char+meta_balanced,word+char+meta,"{""C"": 1, ""threshold"": 0.5}",0.8028827461950595,0.8776805251641138,0.8641762500080417,0.9070038263184163,0.821348673697667,161.98
cross_project,C. Imbalance,LR_word+char+meta_threshold,word+char+meta,"{""C"": 0.5, ""threshold"": 0.62}",0.8122148101102453,0.8862144420131292,0.8695356955256079,0.9161831076724694,0.8228882833787466,151.08
cross_project,C. Imbalance,SVM_word+char+meta,word+char+meta,"{""C"": 0.1}",0.79495808426446,0.8890590809628008,0.8677341599270452,0.9208430913348946,0.8146252285191956,229.92
cross_project,C. Imbalance,SVM_word+char+meta_balanced,word+char+meta,"{""C"": 0.1}",0.8037378452847898,0.8781181619256018,0.864620685668207,0.9073673706968235,0.8218740006395907,383.28
cross_project,D. Ensemble,Ensemble_LR+SVM+CNB,word+char+meta,"{""members"": [""LR_word+char+meta_balanced"", ""SVM_word+char+meta_balanced"", ""ComplementNB_tfidf""], ""threshold"": 0.48}",0.8149236414656522,0.8890590809628008,0.8713631978902807,0.919074221867518,0.8236521739130435,0.22
