setting,input,model,n,paper_f,accuracy_mean,bug_f1_mean,nonbug_f1_mean,macro_f1_mean,weighted_f1_mean,accuracy_std,bug_f1_std,nonbug_f1_std,macro_f1_std,weighted_f1_std
rq3-sample-8000,title,NB,8000,0.71,0.8118,0.8543,0.7344,0.7944,0.8167,0.0082,0.0068,0.0107,0.0086,0.0078
rq3-sample-8000,title,LR,8000,0.74,0.8201,0.8618,0.7424,0.8021,0.8244,0.0071,0.0059,0.0094,0.0075,0.0068
rq3-sample-8000,title,RF,8000,0.73,0.8028,0.8466,0.7242,0.7854,0.8082,0.0079,0.0068,0.0099,0.0081,0.0075
rq3-sample-8000,title,SVM,8000,0.72,0.7953,0.8383,0.7208,0.7796,0.8015,0.0107,0.0096,0.0122,0.0105,0.0101
rq3-sample-8000,title,KNN,8000,0.69,0.7718,0.8193,0.6892,0.7542,0.7785,0.0132,0.0143,0.0147,0.0112,0.0117
pooled,title,NB,34948,0.71,0.8307,0.8784,0.7212,0.7998,0.8362,0.0037,0.003,0.005,0.0038,0.0034
pooled,title,LR,34948,0.74,0.8321,0.8787,0.7276,0.8031,0.8381,0.0036,0.0029,0.0048,0.0037,0.0033
pooled,title,RF,34948,0.73,0.8302,0.8778,0.722,0.7999,0.836,0.0043,0.0036,0.0054,0.0043,0.0039
pooled,title,SVM,34948,0.72,0.8088,0.8581,0.707,0.7826,0.8175,0.0041,0.0035,0.0046,0.004,0.0037
pooled,title,KNN,34948,0.69,0.7928,0.8475,0.6757,0.7616,0.8014,0.0068,0.0081,0.0102,0.0043,0.0049
project:numpy,title,NB,6078,0.71,0.8702,0.9122,0.7512,0.8317,0.8735,0.0085,0.0062,0.0128,0.0094,0.0077
project:numpy,title,LR,6078,0.74,0.9064,0.9384,0.8054,0.8719,0.9064,0.0082,0.006,0.0119,0.0088,0.0073
project:numpy,title,RF,6078,0.73,0.9035,0.9369,0.7946,0.8657,0.9027,0.0099,0.0072,0.0142,0.0105,0.0087
project:numpy,title,SVM,6078,0.72,0.8691,0.9106,0.7542,0.8324,0.8731,0.0177,0.014,0.0195,0.0166,0.0152
project:numpy,title,KNN,6078,0.69,0.8337,0.8843,0.7039,0.7941,0.841,0.014,0.0113,0.0163,0.0135,0.0123
project:pandas,title,NB,9304,0.71,0.8562,0.9012,0.7361,0.8186,0.8617,0.0073,0.0053,0.0124,0.0087,0.0069
project:pandas,title,LR,9304,0.74,0.8617,0.9042,0.7514,0.8278,0.8676,0.0065,0.0049,0.0098,0.0072,0.006
project:pandas,title,RF,9304,0.73,0.8427,0.8891,0.7294,0.8093,0.8509,0.0065,0.0051,0.0083,0.0065,0.0058
project:pandas,title,SVM,9304,0.72,0.8351,0.8834,0.7188,0.8011,0.844,0.0071,0.0058,0.0084,0.0069,0.0063
project:pandas,title,KNN,9304,0.69,0.8126,0.8675,0.6793,0.7734,0.8225,0.0097,0.0085,0.0118,0.0088,0.0082
project:salt,title,NB,12397,0.71,0.7627,0.83,0.6069,0.7184,0.7794,0.0098,0.0088,0.0093,0.0083,0.0084
project:salt,title,LR,12397,0.74,0.773,0.8388,0.616,0.7274,0.7883,0.0083,0.0071,0.0094,0.0077,0.0072
project:salt,title,RF,12397,0.73,0.7465,0.8156,0.5941,0.7049,0.7654,0.0077,0.0071,0.007,0.0063,0.0066
project:salt,title,SVM,12397,0.72,0.7444,0.8141,0.5909,0.7025,0.7635,0.0102,0.0091,0.0098,0.009,0.009
project:salt,title,KNN,12397,0.69,0.7231,0.7965,0.5654,0.6809,0.7441,0.015,0.015,0.0084,0.0091,0.012
project:scipy,title,NB,4586,0.71,0.8525,0.8876,0.7853,0.8365,0.8541,0.008,0.0064,0.0112,0.0086,0.0078
project:scipy,title,LR,4586,0.74,0.869,0.9028,0.799,0.8509,0.8688,0.0094,0.0071,0.0156,0.0109,0.0094
project:scipy,title,RF,4586,0.73,0.8602,0.8973,0.7808,0.839,0.8591,0.0091,0.0078,0.015,0.01,0.0087
project:scipy,title,SVM,4586,0.72,0.8445,0.8813,0.7731,0.8272,0.8459,0.016,0.0155,0.0155,0.0142,0.0144
project:scipy,title,KNN,4586,0.69,0.8195,0.8602,0.7444,0.8023,0.8223,0.0142,0.0132,0.0159,0.0136,0.0132
project:weblate,title,NB,2583,0.71,0.7128,0.6714,0.7446,0.708,0.7106,0.013,0.0141,0.0146,0.0126,0.0127
project:weblate,title,LR,2583,0.74,0.7172,0.6784,0.7473,0.7128,0.7153,0.0138,0.0142,0.0157,0.0134,0.0134
project:weblate,title,RF,2583,0.73,0.7045,0.6419,0.7482,0.695,0.6988,0.0153,0.0199,0.0147,0.0157,0.0155
project:weblate,title,SVM,2583,0.72,0.705,0.6554,0.7418,0.6986,0.7017,0.0144,0.0185,0.0152,0.0147,0.0145
project:weblate,title,KNN,2583,0.69,0.6748,0.6359,0.6996,0.6678,0.67,0.0258,0.0222,0.0556,0.0228,0.0249
pooled,title+description,NB,34613,0.71,0.7911,0.8458,0.6762,0.761,0.8006,0.0048,0.0041,0.0053,0.0046,0.0043
pooled,title+description,LR,34613,0.74,0.8317,0.88,0.7182,0.7991,0.8369,0.0033,0.0026,0.0047,0.0036,0.0031
pooled,title+description,RF,34613,0.73,0.8363,0.8835,0.7244,0.804,0.8411,0.0041,0.0031,0.0061,0.0045,0.0038
pooled,title+description,SVM,34613,0.72,0.8472,0.8931,0.7326,0.8128,0.8503,0.0031,0.0023,0.0049,0.0035,0.0029
pooled,title+description,KNN,34613,0.69,0.7736,0.8383,0.6227,0.7305,0.7808,0.0057,0.0048,0.007,0.0055,0.005
per-project average,title,NB,,0.71,0.8109,0.8405,0.7248,0.7826,0.8159,,,,,
per-project average,title,LR,,0.74,0.8254,0.8525,0.7438,0.7982,0.8293,,,,,
per-project average,title,RF,,0.73,0.8115,0.8361,0.7294,0.7828,0.8154,,,,,
per-project average,title,SVM,,0.72,0.7996,0.829,0.7158,0.7724,0.8056,,,,,
per-project average,title,KNN,,0.69,0.7727,0.8089,0.6785,0.7437,0.78,,,,,
